<?xml version="1.0" encoding="windows-1251" standalone="no"?>
<DataSheet>
    <data date="14/04/2023">
        <x>0.0</x>
        <y>0.0</y>
    </data>
    <data date="14/04/2023">
        <x>10.0</x>
        <y>0.0</y>
    </data>
    <data date="14/04/2023">
        <x>0.0</x>
        <y>10.0</y>
    </data>
    <data date="14/04/2023">
        <x>-10.0</x>
        <y>0.0</y>
    </data>
    <data date="14/04/2023">
        <x>5.0</x>
        <y>-5.0</y>
    </data>
</DataSheet>
