<?xml version="1.0" encoding="windows-1251" standalone="no"?>
<DataSheet>
        
    
    
    
    

    <data date="27/04/2024">
        <x>0.0</x>
        <y>-10.0</y>
    </data>
    <data date="27/04/2024">
        <x>0.0</x>
        <y>0.0</y>
    </data>
    <data date="27/04/2024">
        <x>5.0</x>
        <y>0.0</y>
    </data>
    <data date="27/04/2024">
        <x>0.0</x>
        <y>0.0</y>
    </data>
    <data date="27/04/2024">
        <x>111.0</x>
        <y>0.0</y>
    </data>
</DataSheet>
